<?xml version="1.0"?>
<data grt_format="2.0">
  <value _ptr_="0C50E6A8" type="list" content-type="object" content-struct-name="db.mgmt.Connection">
    <value type="object" struct-name="db.mgmt.Connection" id="{54AC70F3-DEE1-46AD-9E56-66EBC4F0F715}" struct-checksum="0x96ba47d8">
      <link type="object" struct-name="db.mgmt.Driver" key="driver">com.mysql.rdbms.mysql.driver.native</link>
      <value type="string" key="hostIdentifier">Mysql@127.0.0.1:3307</value>
      <value type="int" key="isDefault">1</value>
      <value _ptr_="0C621448" type="dict" key="modules"/>
      <value _ptr_="0C6211C8" type="dict" key="parameterValues">
        <value type="string" key="DbSqlEditor:LastDefaultSchema">cineminha</value>
        <value type="string" key="SQL_MODE"></value>
        <value type="string" key="hostName">127.0.0.1</value>
        <value type="int" key="lastConnected">1427118383</value>
        <value type="string" key="password"></value>
        <value type="int" key="port">3307</value>
        <value type="string" key="schema"></value>
        <value type="string" key="serverVersion">5.6.13</value>
        <value type="string" key="sslCA"></value>
        <value type="string" key="sslCert"></value>
        <value type="string" key="sslCipher"></value>
        <value type="string" key="sslKey"></value>
        <value type="string" key="userName">root</value>
      </value>
      <value type="string" key="name">usbwebserver</value>
      <link type="object" struct-name="GrtObject" key="owner">{033192C0-58ED-4A0F-8363-DCB8912CF9F5}</link>
    </value>
  </value>
</data>
