<?xml version="1.0"?>
<data grt_format="2.0">
  <value _ptr_="0C50E6F8" type="list" content-type="object" content-struct-name="db.mgmt.ServerInstance">
    <value type="object" struct-name="db.mgmt.ServerInstance" id="{4E71B8EA-0A67-4122-8A05-C33FF3A2F8A1}" struct-checksum="0x367436e2">
      <link type="object" struct-name="db.mgmt.Connection" key="connection">{54AC70F3-DEE1-46AD-9E56-66EBC4F0F715}</link>
      <value _ptr_="0C621128" type="dict" key="loginInfo">
        <value type="string" key="ssh.hostName"></value>
        <value type="string" key="ssh.key">C:\Users\ederson\AppData\Roaming/.ssh/ssh_private_key</value>
        <value type="string" key="ssh.localPort">3306</value>
        <value type="int" key="ssh.useKey">0</value>
        <value type="string" key="ssh.userName">mysql</value>
      </value>
      <value _ptr_="0C621088" type="dict" key="serverInfo">
        <value type="string" key="basedir">C:\Users\ederson\Desktop\UsbWebserver8.6\mysql\</value>
        <value type="string" key="datadir">C:\Users\ederson\Desktop\UsbWebserver8.6\mysql\data\</value>
        <value type="string" key="errorLogFilePath">C:\Users\ederson\Desktop\UsbWebserver8.6\mysql\data\ederson-HP.err</value>
        <value type="string" key="generalLogFilePath">C:\Users\ederson\Desktop\UsbWebserver8.6\mysql\data\ederson-HP.log</value>
        <value type="string" key="serverVersion">5.6.13</value>
        <value type="int" key="setupPending">1</value>
        <value type="string" key="slowLogFilePath">C:\Users\ederson\Desktop\UsbWebserver8.6\mysql\data\ederson-HP-slow.log</value>
        <value type="string" key="sys.config.path">%ProgramFiles%\MySQL\MySQL Server 5.0\my.ini</value>
        <value type="string" key="sys.config.section">mysqld</value>
        <value type="string" key="sys.mysqld.service_name">MySQL</value>
        <value type="string" key="sys.mysqld.start">sc start mysql</value>
        <value type="string" key="sys.mysqld.stop">sc stop mysql</value>
        <value type="string" key="sys.system">Windows</value>
        <value type="int" key="sys.usesudo">1</value>
        <value type="int" key="windowsAdmin">1</value>
      </value>
      <value type="string" key="name">usbwebserver</value>
    </value>
  </value>
</data>
